S.No,PAX Name,Coming From,How Arriving,Preferred Stand,Total Members,Remarks
1,Rohan Mehta,KHARGHAR,Car,,4,
2,Priya Iyer,vashi,Metro,Gate A,2,
3,Sanjay Patil,Panvel ,BUS,,5,
4,Anita Nair,nerul,,,3,no mode given
5,Vikram Rao,THANE,cab,Gate B,1,
6,,Kalyan,Train,,6,blank name
7,Divya Kulkarni,Belapur,car,,2,
8,Suresh Iyer,Sanpada,metro,Gate A,,size missing
9,Kavita Joshi,KHARGHAR,Bus,,4,
10,Rahul Sharma,Vashi,Cab,,3,
11,Meera Desai,Nerul,walk,,2,
12,Arjun Singh,PANVEL,car,Gate C,7,
13,Neha Kapoor,Thane,METRO,,3,
14,Amit Deshmukh,kharghar,,,5,mode missing
15,Sonal Gupta,Belapur,train,Gate B,2,
16,Karan Malhotra,nerul,Car,,1,
17,Ritu Bose,Sanpada,bus,,4,
18,Deepak Verma,Vashi,cab,Gate A,3,
19,,,,, ,fully blank
20,Pooja Reddy,KALYAN,metro,,6,
21,Manoj Tiwari,Panvel,car,,2,
22,Shalini Menon,Thane,bus,Gate C,5,
